{"gc_bias_constant": 1.2902856360695643, "gc_bias_linear": 0.018959030259859698, "gc_bias_quadratic": -82.27263253171424, "breakpoint_prob_per_base": 0.0003377181282437767, "perfect_priming": "false", "selection_step": "polya_step.PolyAStep", "primes_per_kb": 40.9479963129597, "fragmentation_rate": 0.003404457710917864, "frag_min_size": 62.23128329223083, "frag_max_size": 218.68766579710078, "frag_mid_start_size": 94.03619284476932, "frag_mid_end_size": 133.29306272419834, "fwd_A_freq": [0.1780882191178088, 0.23090769092309077, 0.24198758012419877, 0.3000069999300007, 0.3145868541314587, 0.34809651903480965], "fwd_C_freq": [0.3359866401335987, 0.22192778072219277, 0.23368766312336878, 0.22711772882271178, 0.1992880071199288, 0.2200577994220058], "fwd_G_freq": [0.36021639783602166, 0.26961730382696175, 0.23886761132388676, 0.25957740422595776, 0.2798672013279867, 0.23678763212367876], "rev_A_freq": [0.09327906720932791, 0.11093889061109388, 0.14235857641423585, 0.2206177938220618, 0.2573474265257347, 0.29270707292927073], "rev_C_freq": [0.3789162108378916, 0.3002969970300297, 0.3764462355376446, 0.2908470915290847, 0.21391786082139178, 0.2161678383216168], "rev_G_freq": [0.44463555364446355, 0.2668273317266827, 0.2543574564254357, 0.2734872651273487, 0.2997570024299757, 0.26949730502694974], "mid_min_diff": 31.804909552538497, "mid_mid_diff": 39.25686987942901, "max_mid_diff": 85.39460307290244}